,rt,block
0,0.5403387410005962,control
1,0.5034396540013404,control
2,0.5270353310006612,control
3,0.5503317450002214,control
4,0.9700010480009951,main
5,1.0750816039999336,main
